,SampleID,GA,predicted.GA
1,I4,2.57142857142857,0.3171428571428554
12,W4,0.571428571428569,0.8171428571428554
13,B4,0.571428571428569,8.362857142857138
18,I1,11.0,13.287142857142857
29,W1,11.0,12.988571428571431
30,B1,11.0,11.692857142857143
35,I2,15.0,14.77142857142857
46,W2,18.0,16.12
47,B2,16.0,17.135714285714286
52,I3,25.0,23.83
63,W3,27.0,23.567142857142855
64,B3,27.0,22.93
