,SampleID,GA,predicted.GA
1,I4,2.57142857142857,1.9114285714285695
12,W4,0.571428571428569,0.902857142857141
13,B4,0.571428571428569,11.907142857142862
18,I1,11.0,11.455714285714285
29,W1,11.0,12.244285714285716
30,B1,11.0,12.448571428571428
35,I2,15.0,13.722857142857144
46,W2,18.0,16.248571428571427
47,B2,16.0,16.651428571428575
52,I3,25.0,23.417142857142856
63,W3,27.0,26.32
64,B3,27.0,21.812857142857148
