,SampleID,GA,predicted.GA
1,I1,11.0,13.108150136609536
12,W1,11.0,12.409162862098775
13,B1,11.0,10.380441309837812
18,I2,15.0,16.23077933723054
29,W2,18.0,16.995273210751876
30,B2,16.0,16.99736988094859
35,I3,25.0,31.46775856825557
46,W3,27.0,22.560129756950584
47,B3,27.0,24.207509022100517
52,I4,2.57142857142857,3.7496143456703415
63,W4,0.571428571428569,3.4684237891981677
64,B4,0.571428571428569,9.0633026938151
